studid,sname,sloc,sstrm,syop,sdp,ssp,ssec,gender,performance
16,"Rahul Mehta",Bangalore,"Mechanical Engineering",2023,90,88,87,m,B
159,"Ravi Patel",Chennai,"Computer Science",2024,90,89,75,m,B
181,"Tanya Jain",Lucknow,"Electronics Engineering",2024,90,91,72,f,B
199,"Vishal Dubey",Mumbai,"Electrical Engineering",2023,90,71,69,m,A
249,"Vishal Dubey",Delhi,"Electrical Engineering",2024,90,76,78,m,B
261,"Ananya Sharma",Lucknow,"Mechanical Engineering",2025,90,90,75,f,B
448,"Rahul Mehta",Jaipur,"Electrical Engineering",2024,90,78,70,m,A
460,"Karan Verma",Chennai,"Electrical Engineering",2024,90,87,68,m,B
487,"Ravi Patel",Delhi,"Computer Science",2025,90,79,77,m,B
532,"Priya Gupta",Hyderabad,"Electrical Engineering",2023,90,76,71,f,A
552,"Vishal Dubey",Mumbai,"IT Engineering",2024,90,93,87,m,B
558,"Karan Verma",Mumbai,"Information Tech",2025,90,90,85,m,B
623,"Ravi Patel",Pune,"IT Engineering",2024,90,80,70,m,B
718,"Sneha Reddy",Chennai,"IT Engineering",2023,90,81,78,f,B
747,"Ananya Sharma",Mumbai,"Computer Science",2025,90,76,77,f,B
757,"Vishal Dubey",Lucknow,"Information Tech",2023,90,78,69,m,A
791,"Tanya Jain",Chennai,"Electronics Engineering",2023,90,82,90,f,B
913,"Tanya Jain",Chennai,"Information Tech",2024,90,77,75,f,B
949,"Meera Iyer",Mumbai,"Information Tech",2025,90,91,83,f,B
1009,"Vishal Dubey",Delhi,"Civil Engineering",2023,90,90,68,m,B
1043,"Rahul Mehta",Ahmedabad,"IT Engineering",2023,90,76,68,m,A
1045,"Ananya Sharma",Bangalore,"Electrical Engineering",2025,90,85,77,f,B
1089,"Vishal Dubey",Delhi,"Electronics Engineering",2025,90,82,67,m,A
1101,"Karan Verma",Mumbai,"Electronics Engineering",2023,90,76,76,m,B
1109,"Tanya Jain",Indore,"Electronics Engineering",2025,90,83,77,f,B
1259,"Meera Iyer",Pune,"IT Engineering",2024,90,83,66,f,A
1315,"Arjun Singh",Mumbai,"Information Tech",2024,90,84,66,m,B
1366,"Priya Gupta",Chennai,"Computer Science",2023,90,73,72,f,A
1439,"Arjun Singh",Pune,"Computer Science",2024,90,93,66,m,B
1461,"Ravi Patel",Indore,"Electrical Engineering",2023,90,94,84,m,B
1497,"Priya Gupta",Chennai,"Electronics Engineering",2025,90,93,80,f,B
1516,"Rahul Mehta",Jaipur,"IT Engineering",2023,90,88,73,m,B
1520,"Meera Iyer",Chennai,"Information Tech",2024,90,90,85,f,B
1536,"Karan Verma",Jaipur,"Computer Science",2025,90,92,81,m,B
1604,"Vishal Dubey",Pune,"Information Tech",2024,90,93,79,m,B
1678,"Arjun Singh",Indore,"Computer Science",2024,90,92,82,m,B
1726,"Ananya Sharma",Bangalore,"Electrical Engineering",2024,90,81,86,f,B
1738,"Priya Gupta",Lucknow,"Mechanical Engineering",2023,90,95,67,f,B
1744,"Sneha Reddy",Indore,"Computer Science",2025,90,77,73,f,B
1749,"Tanya Jain",Lucknow,"Information Tech",2024,90,83,71,f,B
1789,"Karan Verma",Hyderabad,"Information Tech",2025,90,95,69,m,B
1813,"Ananya Sharma",Pune,"IT Engineering",2025,90,75,88,f,B
1825,"Ravi Patel",Bangalore,"Computer Science",2025,90,80,82,m,B
1864,"Arjun Singh",Ahmedabad,"Computer Science",2024,90,80,85,m,B
1894,"Karan Verma",Ahmedabad,"Electrical Engineering",2023,90,83,89,m,B
1981,"Vishal Dubey",Indore,"Information Tech",2025,90,77,83,m,B
1988,"Sneha Reddy",Pune,"Electrical Engineering",2023,90,75,89,f,B
2033,"Arjun Singh",Chennai,"Civil Engineering",2025,90,79,85,m,B
2097,"Rahul Mehta",Ahmedabad,"IT Engineering",2023,90,82,86,m,B
2162,"Meera Iyer",Pune,"Electronics Engineering",2024,90,87,90,f,B
2179,"Tanya Jain",Indore,"Computer Science",2025,90,75,76,f,B
2204,"Ananya Sharma",Chennai,"Electronics Engineering",2024,90,83,73,f,B
2377,"Ananya Sharma",Hyderabad,"Civil Engineering",2024,90,72,66,f,A
2409,"Sneha Reddy",Delhi,"Mechanical Engineering",2024,90,78,82,f,B
2480,"Sneha Reddy",Lucknow,"Electronics Engineering",2024,90,80,78,f,B
2515,"Rahul Mehta",Chennai,"Electrical Engineering",2023,90,84,76,m,B
2518,"Meera Iyer",Ahmedabad,"Information Tech",2025,90,74,82,f,B
2620,"Karan Verma",Jaipur,"Computer Science",2023,90,84,90,m,B
2629,"Priya Gupta",Mumbai,"Electronics Engineering",2025,90,88,75,f,B
2642,"Sneha Reddy",Hyderabad,"IT Engineering",2024,90,80,66,f,A
2897,"Priya Gupta",Jaipur,"Electrical Engineering",2023,90,79,81,f,B
2922,"Sneha Reddy",Indore,"Mechanical Engineering",2024,90,71,70,f,A
2941,"Vishal Dubey",Lucknow,"Electronics Engineering",2025,90,87,75,m,B
2966,"Tanya Jain",Hyderabad,"Information Tech",2025,90,94,88,f,B
3051,"Vishal Dubey",Lucknow,"Electrical Engineering",2024,90,75,81,m,B
3111,"Arjun Singh",Ahmedabad,"Electrical Engineering",2024,90,71,84,m,B
3130,"Priya Gupta",Mumbai,"IT Engineering",2024,90,79,71,f,B
3151,"Meera Iyer",Indore,"Computer Science",2025,90,77,72,f,A
3165,"Tanya Jain",Mumbai,"Information Tech",2025,90,81,71,f,B
3207,"Tanya Jain",Delhi,"Computer Science",2025,90,91,73,f,B
3208,"Priya Gupta",Ahmedabad,"Information Tech",2024,90,91,83,f,B
3229,"Karan Verma",Pune,"Electronics Engineering",2024,90,88,86,m,B
3245,"Rahul Mehta",Pune,"Electrical Engineering",2025,90,92,68,m,B
3376,"Arjun Singh",Ahmedabad,"Information Tech",2025,90,91,66,m,B
3462,"Sneha Reddy",Hyderabad,"Information Tech",2024,90,90,72,f,B
3512,"Ananya Sharma",Pune,"IT Engineering",2023,90,81,89,f,B
3525,"Tanya Jain",Jaipur,"Electronics Engineering",2023,90,87,75,f,B
3576,"Meera Iyer",Chennai,"Electronics Engineering",2024,90,93,67,f,B
3599,"Karan Verma",Indore,"Electrical Engineering",2024,90,89,82,m,B
3619,"Karan Verma",Indore,"Mechanical Engineering",2024,90,74,77,m,B
3631,"Arjun Singh",Pune,"Civil Engineering",2024,90,72,71,m,A
3646,"Meera Iyer",Jaipur,"Mechanical Engineering",2024,90,70,77,f,A
3689,"Priya Gupta",Lucknow,"Mechanical Engineering",2023,90,89,84,f,B
3699,"Arjun Singh",Indore,"Information Tech",2024,90,80,89,m,B
3708,"Arjun Singh",Bangalore,"Electronics Engineering",2023,90,94,68,m,B
3758,"Sneha Reddy",Hyderabad,"Electrical Engineering",2025,90,71,79,f,B
3793,"Karan Verma",Jaipur,"Electrical Engineering",2023,90,83,75,m,B
3826,"Vishal Dubey",Delhi,"Computer Science",2025,90,72,67,m,A
3867,"Meera Iyer",Mumbai,"Information Tech",2024,90,73,89,f,B
3928,"Meera Iyer",Indore,"Mechanical Engineering",2025,90,81,68,f,A
3933,"Rahul Mehta",Pune,"Computer Science",2024,90,78,86,m,B
3983,"Meera Iyer",Bangalore,"Computer Science",2023,90,82,89,f,B
4039,"Vishal Dubey",Lucknow,"Electrical Engineering",2025,90,91,89,m,B
4047,"Tanya Jain",Jaipur,"Computer Science",2024,90,76,78,f,B
4055,"Ananya Sharma",Bangalore,"IT Engineering",2025,90,92,69,f,B
4060,"Sneha Reddy",Lucknow,"Civil Engineering",2023,90,89,81,f,B
4083,"Tanya Jain",Lucknow,"Mechanical Engineering",2024,90,85,78,f,B
4124,"Rahul Mehta",Mumbai,"Civil Engineering",2024,90,79,71,m,B
4185,"Rahul Mehta",Jaipur,"Information Tech",2025,90,73,70,m,A
4215,"Karan Verma",Bangalore,"Mechanical Engineering",2025,90,77,75,m,B
4265,"Ravi Patel",Lucknow,"Information Tech",2024,90,73,81,m,B
4286,"Vishal Dubey",Chennai,"Information Tech",2025,90,84,68,m,B
4369,"Karan Verma",Mumbai,"Mechanical Engineering",2025,90,80,84,m,B
4588,"Tanya Jain",Bangalore,"Information Tech",2024,90,75,82,f,B
4648,"Priya Gupta",Indore,"Computer Science",2025,90,85,76,f,B
4676,"Arjun Singh",Jaipur,"Information Tech",2024,90,91,86,m,B
4882,"Karan Verma",Hyderabad,"Civil Engineering",2025,90,83,89,m,B
4884,"Rahul Mehta",Jaipur,"Information Tech",2023,90,91,79,m,B
4901,"Karan Verma",Jaipur,"Civil Engineering",2025,90,80,82,m,B
4920,"Arjun Singh",Lucknow,"Computer Science",2024,90,79,80,m,B
4976,"Sneha Reddy",Ahmedabad,"Computer Science",2024,90,76,67,f,A
5106,"Sneha Reddy",Hyderabad,"Electrical Engineering",2025,90,88,75,f,B
5118,"Tanya Jain",Delhi,"Electronics Engineering",2024,90,81,73,f,B
5142,"Arjun Singh",Bangalore,"Information Tech",2024,90,85,83,m,B
5143,"Ravi Patel",Ahmedabad,"Electronics Engineering",2025,90,76,77,m,B
5172,"Tanya Jain",Chennai,"Mechanical Engineering",2023,90,80,85,f,B
5219,"Arjun Singh",Lucknow,"Electrical Engineering",2025,90,72,85,m,B
5228,"Sneha Reddy",Jaipur,"Electrical Engineering",2024,90,91,79,f,B
5412,"Vishal Dubey",Ahmedabad,"IT Engineering",2023,90,83,87,m,B
5441,"Meera Iyer",Lucknow,"Information Tech",2025,90,93,80,f,B
5531,"Ananya Sharma",Hyderabad,"Computer Science",2023,90,85,67,f,B
5660,"Ananya Sharma",Chennai,"Mechanical Engineering",2025,90,92,76,f,B
5761,"Arjun Singh",Mumbai,"Civil Engineering",2023,90,80,84,m,B
5784,"Arjun Singh",Mumbai,"Electrical Engineering",2023,90,81,67,m,A
5785,"Karan Verma",Hyderabad,"Mechanical Engineering",2025,90,90,87,m,B
5893,"Ravi Patel",Pune,"Civil Engineering",2023,90,83,83,m,B
5950,"Tanya Jain",Chennai,"Information Tech",2024,90,90,68,f,B
5954,"Meera Iyer",Mumbai,"Electronics Engineering",2025,90,72,90,f,B
6005,"Sneha Reddy",Pune,"Mechanical Engineering",2025,90,78,88,f,B
6042,"Meera Iyer",Indore,"Computer Science",2023,90,77,84,f,B
6050,"Vishal Dubey",Jaipur,"Computer Science",2024,90,89,83,m,B
6072,"Priya Gupta",Lucknow,"Electronics Engineering",2024,90,82,86,f,B
6134,"Tanya Jain",Hyderabad,"Computer Science",2025,90,90,67,f,B
6167,"Karan Verma",Chennai,"Electronics Engineering",2025,90,79,87,m,B
6193,"Ananya Sharma",Hyderabad,"Electronics Engineering",2025,90,85,82,f,B
6223,"Vishal Dubey",Lucknow,"IT Engineering",2025,90,78,74,m,B
6232,"Ravi Patel",Jaipur,"Electrical Engineering",2023,90,75,83,m,B
6247,"Karan Verma",Lucknow,"Mechanical Engineering",2024,90,74,87,m,B
6378,"Ravi Patel",Chennai,"Electrical Engineering",2023,90,94,68,m,B
6401,"Ravi Patel",Chennai,"Computer Science",2024,90,88,72,m,B
6413,"Ananya Sharma",Bangalore,"Mechanical Engineering",2024,90,94,77,f,B
6440,"Rahul Mehta",Indore,"Computer Science",2024,90,78,90,m,B
6512,"Tanya Jain",Pune,"Mechanical Engineering",2023,90,81,66,f,A
6588,"Meera Iyer",Delhi,"Mechanical Engineering",2025,90,80,86,f,B
6652,"Sneha Reddy",Chennai,"Electronics Engineering",2024,90,77,84,f,B
6700,"Ravi Patel",Lucknow,"Electrical Engineering",2024,90,75,71,m,A
6739,"Ravi Patel",Jaipur,"Electrical Engineering",2024,90,95,75,m,B
6745,"Vishal Dubey",Indore,"Electrical Engineering",2023,90,82,71,m,B
6781,"Ravi Patel",Jaipur,"Civil Engineering",2024,90,71,85,m,B
6802,"Meera Iyer",Delhi,"IT Engineering",2025,90,86,65,f,B
6813,"Ananya Sharma",Chennai,"Civil Engineering",2025,90,78,79,f,B
6839,"Tanya Jain",Jaipur,"Civil Engineering",2025,90,71,88,f,B
6848,"Meera Iyer",Jaipur,"IT Engineering",2025,90,86,78,f,B
6871,"Ravi Patel",Hyderabad,"Information Tech",2025,90,89,77,m,B
6936,"Priya Gupta",Hyderabad,"Computer Science",2023,90,77,83,f,B
6954,"Meera Iyer",Delhi,"Electrical Engineering",2023,90,86,72,f,B
6977,"Karan Verma",Mumbai,"Electrical Engineering",2025,90,82,81,m,B
7006,"Priya Gupta",Mumbai,"Mechanical Engineering",2023,90,73,69,f,A
7142,"Vishal Dubey",Hyderabad,"Civil Engineering",2025,90,75,86,m,B
7298,"Tanya Jain",Pune,"Mechanical Engineering",2025,90,93,86,f,B
7374,"Ananya Sharma",Lucknow,"Electrical Engineering",2025,90,84,83,f,B
7375,"Arjun Singh",Bangalore,"Information Tech",2025,90,78,66,m,A
7407,"Priya Gupta",Pune,"Computer Science",2023,90,71,75,f,A
7575,"Tanya Jain",Indore,"Civil Engineering",2023,90,79,86,f,B
7584,"Vishal Dubey",Mumbai,"Electronics Engineering",2025,90,75,78,m,B
7594,"Tanya Jain",Mumbai,"IT Engineering",2023,90,92,89,f,B
7605,"Vishal Dubey",Chennai,"Civil Engineering",2023,90,73,83,m,B
7775,"Tanya Jain",Bangalore,"Electronics Engineering",2024,90,74,85,f,B
7779,"Ananya Sharma",Hyderabad,"Computer Science",2024,90,90,85,f,B
7809,"Rahul Mehta",Delhi,"Mechanical Engineering",2023,90,75,74,m,A
7845,"Karan Verma",Hyderabad,"Computer Science",2024,90,93,70,m,B
7900,"Meera Iyer",Jaipur,"IT Engineering",2024,90,74,74,f,A
7963,"Arjun Singh",Lucknow,"Computer Science",2024,90,80,71,m,B
7979,"Karan Verma",Bangalore,"Civil Engineering",2023,90,76,72,m,A
8154,"Arjun Singh",Mumbai,"Civil Engineering",2023,90,94,78,m,B
8230,"Priya Gupta",Mumbai,"Electronics Engineering",2023,90,90,82,f,B
8308,"Priya Gupta",Ahmedabad,"Information Tech",2023,90,86,74,f,B
8396,"Meera Iyer",Indore,"Mechanical Engineering",2024,90,89,74,f,B
8455,"Rahul Mehta",Jaipur,"Computer Science",2024,90,94,76,m,B
8463,"Priya Gupta",Jaipur,"Electronics Engineering",2025,90,75,67,f,A
8477,"Sneha Reddy",Chennai,"Civil Engineering",2025,90,82,67,f,A
8492,"Ravi Patel",Delhi,"Computer Science",2023,90,71,67,m,A
8558,"Ravi Patel",Pune,"IT Engineering",2023,90,72,86,m,B
8617,"Sneha Reddy",Delhi,"Electronics Engineering",2025,90,83,73,f,B
8631,"Sneha Reddy",Ahmedabad,"Civil Engineering",2024,90,73,69,f,A
8757,"Karan Verma",Hyderabad,"Civil Engineering",2024,90,79,73,m,B
8869,"Ananya Sharma",Jaipur,"Information Tech",2025,90,90,66,f,B
8930,"Ananya Sharma",Indore,"Computer Science",2024,90,85,83,f,B
8933,"Sneha Reddy",Mumbai,"IT Engineering",2023,90,94,79,f,B
8978,"Ananya Sharma",Delhi,"Computer Science",2023,90,73,87,f,B
9091,"Sneha Reddy",Lucknow,"Computer Science",2025,90,82,84,f,B
9119,"Rahul Mehta",Pune,"Information Tech",2025,90,80,71,m,B
9132,"Tanya Jain",Chennai,"Electrical Engineering",2023,90,70,75,f,A
9189,"Vishal Dubey",Pune,"Information Tech",2025,90,92,85,m,B
9198,"Ravi Patel",Delhi,"Civil Engineering",2023,90,74,80,m,B
9239,"Tanya Jain",Hyderabad,"IT Engineering",2025,90,93,77,f,B
9247,"Ravi Patel",Hyderabad,"Electronics Engineering",2023,90,84,81,m,B
9292,"Rahul Mehta",Lucknow,"Electrical Engineering",2024,90,90,90,m,B
9318,"Priya Gupta",Bangalore,"Computer Science",2024,90,78,72,f,B
9384,"Vishal Dubey",Lucknow,"Electronics Engineering",2024,90,76,73,m,A
9500,"Rahul Mehta",Indore,"Electrical Engineering",2025,90,80,80,m,B
9581,"Ravi Patel",Indore,"IT Engineering",2024,90,74,73,m,A
9787,"Priya Gupta",Delhi,"IT Engineering",2024,90,82,73,f,B
9901,"Tanya Jain",Lucknow,"Computer Science",2024,90,71,81,f,B
9943,"Ananya Sharma",Bangalore,"Electrical Engineering",2025,90,73,69,f,A
27,"Rahul Mehta",Pune,"Electrical Engineering",2025,89,78,78,m,B
60,"Rahul Mehta",Pune,"Computer Science",2023,89,75,73,m,A
222,"Priya Gupta",Bangalore,"Computer Science",2025,89,89,86,f,B
247,"Meera Iyer",Mumbai,"Mechanical Engineering",2024,89,95,67,f,B
285,"Karan Verma",Mumbai,"Electronics Engineering",2025,89,91,74,m,B
286,"Ananya Sharma",Mumbai,"Electrical Engineering",2024,89,89,90,f,B
397,"Sneha Reddy",Bangalore,"Electronics Engineering",2023,89,90,73,f,B
418,"Sneha Reddy",Lucknow,"Civil Engineering",2023,89,90,85,f,B
440,"Meera Iyer",Indore,"Information Tech",2024,89,80,70,f,A
524,"Ravi Patel",Delhi,"Electronics Engineering",2023,89,90,89,m,B
549,"Ravi Patel",Mumbai,"Electrical Engineering",2025,89,89,66,m,B
572,"Rahul Mehta",Jaipur,"Computer Science",2023,89,88,84,m,B
574,"Vishal Dubey",Ahmedabad,"IT Engineering",2025,89,94,83,m,B
711,"Arjun Singh",Mumbai,"Mechanical Engineering",2024,89,92,86,m,B
746,"Arjun Singh",Mumbai,"Electronics Engineering",2024,89,78,79,m,B
763,"Vishal Dubey",Jaipur,"Civil Engineering",2024,89,84,77,m,B
810,"Sneha Reddy",Mumbai,"Information Tech",2025,89,81,67,f,A
838,"Tanya Jain",Lucknow,"Computer Science",2024,89,80,83,f,B
845,"Sneha Reddy",Pune,"Electronics Engineering",2025,89,80,78,f,B
891,"Karan Verma",Bangalore,"Electrical Engineering",2025,89,77,82,m,B
937,"Ravi Patel",Lucknow,"Electrical Engineering",2024,89,85,71,m,B
974,"Ravi Patel",Indore,"Electronics Engineering",2024,89,89,84,m,B
1081,"Ravi Patel",Indore,"Electrical Engineering",2025,89,88,70,m,B
1160,"Tanya Jain",Chennai,"Computer Science",2023,89,93,72,f,B
1168,"Arjun Singh",Indore,"Electrical Engineering",2025,89,74,67,m,A
1208,"Priya Gupta",Ahmedabad,"Mechanical Engineering",2024,89,80,86,f,B
1283,"Rahul Mehta",Lucknow,"Electrical Engineering",2023,89,82,78,m,B
1293,"Sneha Reddy",Chennai,"Information Tech",2023,89,89,75,f,B
1309,"Tanya Jain",Jaipur,"Information Tech",2025,89,74,81,f,B
1338,"Rahul Mehta",Hyderabad,"Mechanical Engineering",2025,89,70,66,m,A
1367,"Karan Verma",Ahmedabad,"Civil Engineering",2023,89,76,67,m,A
1391,"Sneha Reddy",Bangalore,"Civil Engineering",2025,89,93,67,f,B
1392,"Priya Gupta",Hyderabad,"IT Engineering",2025,89,73,86,f,B
1448,"Ananya Sharma",Lucknow,"Electrical Engineering",2023,89,84,68,f,B
1480,"Vishal Dubey",Jaipur,"Electronics Engineering",2023,89,85,71,m,B
1564,"Ravi Patel",Indore,"Electronics Engineering",2025,89,70,86,m,B
1588,"Sneha Reddy",Jaipur,"Electrical Engineering",2024,89,82,67,f,A
1589,"Karan Verma",Lucknow,"Computer Science",2024,89,84,81,m,B
1619,"Arjun Singh",Delhi,"Mechanical Engineering",2025,89,74,83,m,B
1652,"Priya Gupta",Mumbai,"IT Engineering",2025,89,85,82,f,B
1657,"Karan Verma",Bangalore,"IT Engineering",2024,89,87,77,m,B
1675,"Arjun Singh",Delhi,"Electronics Engineering",2025,89,87,76,m,B
1717,"Vishal Dubey",Jaipur,"Civil Engineering",2024,89,90,80,m,B
1829,"Meera Iyer",Lucknow,"Mechanical Engineering",2023,89,81,74,f,B
1985,"Arjun Singh",Mumbai,"Electrical Engineering",2023,89,72,73,m,A
2048,"Meera Iyer",Ahmedabad,"Electronics Engineering",2024,89,81,68,f,A
2052,"Rahul Mehta",Hyderabad,"Electronics Engineering",2024,89,91,78,m,B
2087,"Sneha Reddy",Lucknow,"IT Engineering",2023,89,74,87,f,B
2196,"Tanya Jain",Delhi,"Computer Science",2025,89,77,66,f,A
2220,"Priya Gupta",Delhi,"Mechanical Engineering",2024,89,73,72,f,A
2286,"Ananya Sharma",Jaipur,"Civil Engineering",2024,89,81,88,f,B
2288,"Karan Verma",Bangalore,"Information Tech",2025,89,86,75,m,B
2344,"Sneha Reddy",Indore,"Electronics Engineering",2023,89,84,74,f,B
2353,"Ravi Patel",Indore,"Electronics Engineering",2025,89,82,67,m,A
2372,"Rahul Mehta",Bangalore,"Civil Engineering",2023,89,86,86,m,B
2397,"Sneha Reddy",Chennai,"Computer Science",2023,89,93,68,f,B
2408,"Sneha Reddy",Hyderabad,"IT Engineering",2025,89,95,86,f,B
2410,"Karan Verma",Ahmedabad,"Mechanical Engineering",2025,89,85,86,m,B
2462,"Karan Verma",Mumbai,"Computer Science",2024,89,92,79,m,B
2476,"Priya Gupta",Bangalore,"Electronics Engineering",2024,89,85,67,f,B
2557,"Sneha Reddy",Delhi,"Mechanical Engineering",2024,89,89,72,f,B
2589,"Tanya Jain",Hyderabad,"Electrical Engineering",2024,89,70,83,f,B
2632,"Ravi Patel",Delhi,"Computer Science",2023,89,77,85,m,B
2695,"Sneha Reddy",Indore,"Information Tech",2025,89,71,75,f,A
2718,"Meera Iyer",Indore,"IT Engineering",2025,89,73,72,f,A
2721,"Priya Gupta",Jaipur,"IT Engineering",2024,89,77,66,f,A
2801,"Arjun Singh",Indore,"Computer Science",2023,89,72,73,m,A
2813,"Rahul Mehta",Jaipur,"Electronics Engineering",2025,89,91,85,m,B
2871,"Tanya Jain",Indore,"Civil Engineering",2023,89,91,80,f,B
2876,"Ananya Sharma",Pune,"Computer Science",2025,89,80,75,f,B
2891,"Sneha Reddy",Lucknow,"IT Engineering",2024,89,76,75,f,B
2901,"Arjun Singh",Jaipur,"IT Engineering",2023,89,83,74,m,B
2915,"Tanya Jain",Chennai,"Computer Science",2023,89,78,71,f,A
2920,"Karan Verma",Delhi,"Civil Engineering",2025,89,90,76,m,B
2944,"Vishal Dubey",Indore,"Computer Science",2025,89,73,84,m,B
2945,"Ananya Sharma",Pune,"Information Tech",2024,89,74,75,f,A
2968,"Tanya Jain",Indore,"Civil Engineering",2024,89,73,82,f,B
2979,"Arjun Singh",Indore,"Computer Science",2023,89,83,86,m,B
3003,"Ravi Patel",Ahmedabad,"Electrical Engineering",2023,89,84,81,m,B
3026,"Sneha Reddy",Mumbai,"Mechanical Engineering",2024,89,85,66,f,B
3041,"Karan Verma",Bangalore,"IT Engineering",2025,89,71,72,m,A
3093,"Sneha Reddy",Mumbai,"Civil Engineering",2024,89,82,85,f,B
3163,"Meera Iyer",Pune,"Electrical Engineering",2024,89,90,81,f,B
3171,"Arjun Singh",Hyderabad,"Information Tech",2024,89,92,75,m,B
3219,"Meera Iyer",Delhi,"Information Tech",2025,89,73,78,f,B
3221,"Rahul Mehta",Bangalore,"Information Tech",2025,89,95,72,m,B
3268,"Sneha Reddy",Mumbai,"Electronics Engineering",2023,89,75,90,f,B
3284,"Karan Verma",Bangalore,"Civil Engineering",2025,89,82,72,m,B
3291,"Arjun Singh",Bangalore,"Computer Science",2025,89,74,80,m,B
3305,"Arjun Singh",Delhi,"Electrical Engineering",2023,89,84,75,m,B
3314,"Rahul Mehta",Lucknow,"Electronics Engineering",2025,89,85,84,m,B
3333,"Vishal Dubey",Hyderabad,"Electronics Engineering",2024,89,91,69,m,B
3341,"Tanya Jain",Jaipur,"Electronics Engineering",2025,89,80,72,f,B
3359,"Vishal Dubey",Delhi,"Mechanical Engineering",2024,89,75,84,m,B
3368,"Rahul Mehta",Chennai,"Information Tech",2023,89,78,75,m,B
3419,"Meera Iyer",Jaipur,"Electronics Engineering",2024,89,75,73,f,A
3452,"Rahul Mehta",Lucknow,"Electronics Engineering",2024,89,87,88,m,B
3537,"Meera Iyer",Lucknow,"Civil Engineering",2025,89,75,79,f,B
3543,"Karan Verma",Indore,"Computer Science",2025,89,74,70,m,A
3553,"Ananya Sharma",Bangalore,"Information Tech",2024,89,91,82,f,B
3571,"Priya Gupta",Pune,"Electronics Engineering",2023,89,89,75,f,B
3595,"Vishal Dubey",Chennai,"Computer Science",2023,89,75,83,m,B
3604,"Rahul Mehta",Chennai,"Computer Science",2024,89,78,78,m,B
3610,"Ravi Patel",Ahmedabad,"Electrical Engineering",2024,89,93,78,m,B
3625,"Ravi Patel",Indore,"IT Engineering",2023,89,75,85,m,B
3632,"Ananya Sharma",Indore,"Electrical Engineering",2023,89,87,85,f,B
3662,"Tanya Jain",Indore,"Civil Engineering",2023,89,87,71,f,B
3685,"Tanya Jain",Mumbai,"Electronics Engineering",2023,89,81,74,f,B
3701,"Rahul Mehta",Bangalore,"Civil Engineering",2025,89,78,81,m,B
3817,"Ravi Patel",Lucknow,"Information Tech",2024,89,81,89,m,B
3864,"Sneha Reddy",Chennai,"Information Tech",2023,89,78,86,f,B
3873,"Sneha Reddy",Chennai,"Mechanical Engineering",2024,89,82,83,f,B
3874,"Ananya Sharma",Lucknow,"Mechanical Engineering",2025,89,83,74,f,B
3887,"Rahul Mehta",Bangalore,"Computer Science",2024,89,75,85,m,B
3938,"Priya Gupta",Delhi,"Mechanical Engineering",2025,89,86,83,f,B
3984,"Arjun Singh",Lucknow,"Information Tech",2025,89,90,84,m,B
3991,"Ananya Sharma",Delhi,"IT Engineering",2025,89,77,86,f,B
4011,"Rahul Mehta",Ahmedabad,"IT Engineering",2024,89,71,89,m,B
4093,"Ravi Patel",Chennai,"Electronics Engineering",2024,89,78,83,m,B
4146,"Sneha Reddy",Pune,"Civil Engineering",2023,89,89,79,f,B
4166,"Sneha Reddy",Pune,"IT Engineering",2023,89,86,87,f,B
4173,"Tanya Jain",Ahmedabad,"Electrical Engineering",2024,89,82,83,f,B
4224,"Ananya Sharma",Chennai,"Computer Science",2025,89,92,85,f,B
4237,"Arjun Singh",Jaipur,"Computer Science",2023,89,78,73,m,B
4283,"Tanya Jain",Chennai,"Civil Engineering",2024,89,75,65,f,A
4288,"Sneha Reddy",Jaipur,"Information Tech",2025,89,78,86,f,B
4360,"Ravi Patel",Delhi,"Electronics Engineering",2023,89,85,88,m,B
4363,"Ravi Patel",Ahmedabad,"IT Engineering",2025,89,79,76,m,B
4384,"Priya Gupta",Lucknow,"Computer Science",2024,89,82,81,f,B
4408,"Ravi Patel",Mumbai,"Electronics Engineering",2025,89,89,82,m,B
4469,"Tanya Jain",Bangalore,"Computer Science",2024,89,80,82,f,B
4495,"Sneha Reddy",Chennai,"IT Engineering",2023,89,74,86,f,B
4497,"Rahul Mehta",Bangalore,"Computer Science",2024,89,76,71,m,A
4505,"Priya Gupta",Delhi,"IT Engineering",2025,89,93,72,f,B
4554,"Rahul Mehta",Lucknow,"Civil Engineering",2023,89,81,66,m,A
4609,"Karan Verma",Lucknow,"Civil Engineering",2025,89,71,71,m,A
4621,"Rahul Mehta",Jaipur,"Computer Science",2025,89,70,81,m,B
4703,"Meera Iyer",Mumbai,"Electrical Engineering",2023,89,92,76,f,B
4711,"Ravi Patel",Jaipur,"Electrical Engineering",2025,89,89,77,m,B
4726,"Karan Verma",Delhi,"Computer Science",2025,89,74,67,m,A
4735,"Sneha Reddy",Delhi,"Electrical Engineering",2025,89,88,78,f,B
4758,"Ravi Patel",Jaipur,"Electronics Engineering",2023,89,74,80,m,B
4792,"Priya Gupta",Lucknow,"Civil Engineering",2023,89,87,77,f,B
4819,"Rahul Mehta",Jaipur,"Mechanical Engineering",2024,89,80,78,m,B
4840,"Priya Gupta",Jaipur,"Civil Engineering",2024,89,87,75,f,B
4842,"Karan Verma",Mumbai,"Electrical Engineering",2024,89,91,73,m,B
4885,"Ravi Patel",Bangalore,"Computer Science",2024,89,85,71,m,B
4894,"Ravi Patel",Ahmedabad,"Civil Engineering",2023,89,92,72,m,B
4911,"Ananya Sharma",Jaipur,"Information Tech",2024,89,75,86,f,B
4971,"Karan Verma",Lucknow,"Computer Science",2023,89,83,84,m,B
5008,"Sneha Reddy",Ahmedabad,"Information Tech",2023,89,85,89,f,B
5057,"Priya Gupta",Lucknow,"Civil Engineering",2024,89,76,79,f,B
5139,"Priya Gupta",Chennai,"Civil Engineering",2025,89,85,68,f,B
5144,"Rahul Mehta",Jaipur,"Information Tech",2024,89,86,79,m,B
5157,"Ravi Patel",Pune,"Civil Engineering",2024,89,91,66,m,B
5196,"Arjun Singh",Mumbai,"Electronics Engineering",2023,89,88,75,m,B
5273,"Ananya Sharma",Ahmedabad,"Electronics Engineering",2024,89,72,73,f,A
5343,"Priya Gupta",Hyderabad,"Mechanical Engineering",2024,89,83,86,f,B
5356,"Vishal Dubey",Pune,"Information Tech",2023,89,77,83,m,B
5385,"Sneha Reddy",Bangalore,"Information Tech",2025,89,77,69,f,A
5393,"Vishal Dubey",Indore,"Electronics Engineering",2024,89,78,69,m,A
5399,"Ananya Sharma",Mumbai,"Electronics Engineering",2023,89,93,75,f,B
5414,"Sneha Reddy",Jaipur,"Mechanical Engineering",2025,89,80,70,f,A
5547,"Sneha Reddy",Lucknow,"Mechanical Engineering",2023,89,87,71,f,B
5551,"Ravi Patel",Pune,"Mechanical Engineering",2023,89,91,86,m,B
5564,"Karan Verma",Jaipur,"Civil Engineering",2023,89,93,67,m,B
5591,"Karan Verma",Hyderabad,"Mechanical Engineering",2024,89,75,89,m,B
5644,"Meera Iyer",Delhi,"Computer Science",2023,89,76,68,f,A
5648,"Karan Verma",Mumbai,"Information Tech",2025,89,88,87,m,B
5680,"Rahul Mehta",Chennai,"Civil Engineering",2024,89,83,73,m,B
5699,"Karan Verma",Lucknow,"Computer Science",2025,89,92,75,m,B
5719,"Meera Iyer",Delhi,"Mechanical Engineering",2025,89,77,82,f,B
5724,"Sneha Reddy",Chennai,"Computer Science",2023,89,74,77,f,B
5730,"Priya Gupta",Lucknow,"Civil Engineering",2023,89,86,78,f,B
5739,"Vishal Dubey",Hyderabad,"Mechanical Engineering",2025,89,85,74,m,B
5774,"Meera Iyer",Mumbai,"Electronics Engineering",2024,89,80,67,f,A
5803,"Karan Verma",Mumbai,"Information Tech",2023,89,72,75,m,A
5825,"Ananya Sharma",Bangalore,"Electronics Engineering",2023,89,93,78,f,B
5834,"Rahul Mehta",Ahmedabad,"Mechanical Engineering",2023,89,83,78,m,B
5840,"Sneha Reddy",Jaipur,"Electronics Engineering",2024,89,77,77,f,B
5872,"Ravi Patel",Lucknow,"Electrical Engineering",2023,89,79,82,m,B
5876,"Sneha Reddy",Delhi,"Information Tech",2023,89,75,69,f,A
5909,"Sneha Reddy",Hyderabad,"Computer Science",2023,89,74,81,f,B
5912,"Ravi Patel",Indore,"Electrical Engineering",2023,89,79,85,m,B
5925,"Arjun Singh",Pune,"Computer Science",2024,89,90,83,m,B
5991,"Priya Gupta",Chennai,"Computer Science",2024,89,89,67,f,B
6008,"Rahul Mehta",Jaipur,"IT Engineering",2024,89,91,70,m,B
6066,"Karan Verma",Indore,"Electronics Engineering",2025,89,76,68,m,A
6075,"Arjun Singh",Lucknow,"Mechanical Engineering",2025,89,73,76,m,A
6160,"Vishal Dubey",Mumbai,"IT Engineering",2025,89,86,66,m,B
6170,"Ravi Patel",Ahmedabad,"IT Engineering",2024,89,77,76,m,B
6180,"Ravi Patel",Jaipur,"Electronics Engineering",2023,89,92,70,m,B
6194,"Karan Verma",Chennai,"Mechanical Engineering",2023,89,86,85,m,B
6195,"Meera Iyer",Hyderabad,"Electronics Engineering",2025,89,89,79,f,B
6204,"Ananya Sharma",Ahmedabad,"Mechanical Engineering",2025,89,71,68,f,A
6211,"Priya Gupta",Hyderabad,"IT Engineering",2024,89,77,72,f,A
6226,"Ravi Patel",Pune,"Information Tech",2023,89,80,69,m,A
6229,"Ravi Patel",Chennai,"Electrical Engineering",2025,89,79,67,m,A
6263,"Ravi Patel",Hyderabad,"IT Engineering",2023,89,81,67,m,A
6359,"Rahul Mehta",Mumbai,"Electronics Engineering",2023,89,74,78,m,B
6364,"Rahul Mehta",Bangalore,"Information Tech",2023,89,85,66,m,B
6434,"Sneha Reddy",Bangalore,"Civil Engineering",2024,89,71,73,f,A
6446,"Ravi Patel",Lucknow,"Computer Science",2024,89,78,87,m,B
6479,"Meera Iyer",Delhi,"Electrical Engineering",2025,89,89,77,f,B
6528,"Tanya Jain",Indore,"Civil Engineering",2025,89,74,90,f,B
6540,"Karan Verma",Indore,"Electronics Engineering",2025,89,81,69,m,A
6558,"Meera Iyer",Pune,"IT Engineering",2024,89,92,67,f,B
6590,"Tanya Jain",Ahmedabad,"Mechanical Engineering",2025,89,79,89,f,B
6606,"Arjun Singh",Hyderabad,"Electrical Engineering",2025,89,81,71,m,B
6646,"Ananya Sharma",Chennai,"Computer Science",2024,89,83,76,f,B
6713,"Sneha Reddy",Hyderabad,"Computer Science",2024,89,76,85,f,B
6751,"Sneha Reddy",Hyderabad,"Electronics Engineering",2024,89,75,72,f,A
6759,"Tanya Jain",Chennai,"Information Tech",2025,89,75,82,f,B
6820,"Meera Iyer",Indore,"Computer Science",2025,89,91,86,f,B
6826,"Vishal Dubey",Bangalore,"IT Engineering",2023,89,94,78,m,B
6829,"Tanya Jain",Mumbai,"Electrical Engineering",2025,89,71,85,f,B
6856,"Karan Verma",Mumbai,"Electrical Engineering",2025,89,92,72,m,B
6862,"Tanya Jain",Indore,"Computer Science",2025,89,94,86,f,B
6881,"Rahul Mehta",Ahmedabad,"Electronics Engineering",2023,89,91,71,m,B
6908,"Tanya Jain",Chennai,"IT Engineering",2024,89,71,84,f,B
6913,"Vishal Dubey",Jaipur,"Electronics Engineering",2025,89,74,79,m,B
6950,"Ravi Patel",Lucknow,"Information Tech",2025,89,71,77,m,A
6964,"Arjun Singh",Mumbai,"Computer Science",2025,89,89,68,m,B
6976,"Ananya Sharma",Pune,"Mechanical Engineering",2024,89,75,78,f,B
6995,"Meera Iyer",Hyderabad,"Mechanical Engineering",2025,89,79,76,f,B
7004,"Ananya Sharma",Hyderabad,"IT Engineering",2024,89,83,75,f,B
7016,"Tanya Jain",Mumbai,"Electronics Engineering",2023,89,75,74,f,A
7025,"Tanya Jain",Jaipur,"Information Tech",2025,89,90,69,f,B
7027,"Ananya Sharma",Ahmedabad,"Mechanical Engineering",2023,89,93,80,f,B
7032,"Arjun Singh",Hyderabad,"Electronics Engineering",2025,89,80,85,m,B
7053,"Karan Verma",Hyderabad,"Mechanical Engineering",2023,89,91,89,m,B
7060,"Rahul Mehta",Pune,"Civil Engineering",2024,89,73,82,m,B
7145,"Sneha Reddy",Jaipur,"Computer Science",2024,89,89,82,f,B
7148,"Sneha Reddy",Ahmedabad,"Electronics Engineering",2025,89,79,87,f,B
7166,"Ravi Patel",Mumbai,"Computer Science",2025,89,72,71,m,A
7178,"Ananya Sharma",Jaipur,"Information Tech",2023,89,92,66,f,B
7183,"Sneha Reddy",Chennai,"IT Engineering",2023,89,85,67,f,B
7214,"Rahul Mehta",Bangalore,"Electrical Engineering",2025,89,71,71,m,A
7237,"Meera Iyer",Bangalore,"Electronics Engineering",2024,89,84,86,f,B
7272,"Ananya Sharma",Pune,"Electronics Engineering",2024,89,72,77,f,A
7304,"Ananya Sharma",Pune,"IT Engineering",2023,89,75,65,f,A
7321,"Ananya Sharma",Ahmedabad,"Civil Engineering",2023,89,80,85,f,B
7322,"Karan Verma",Hyderabad,"Computer Science",2025,89,82,73,m,B
7360,"Arjun Singh",Chennai,"Electronics Engineering",2023,89,87,84,m,B
7422,"Arjun Singh",Bangalore,"Civil Engineering",2023,89,90,69,m,B
7437,"Ananya Sharma",Pune,"Information Tech",2024,89,83,85,f,B
7479,"Ananya Sharma",Hyderabad,"Mechanical Engineering",2023,89,76,75,f,B
7493,"Vishal Dubey",Delhi,"Electrical Engineering",2023,89,78,81,m,B
7494,"Karan Verma",Chennai,"Computer Science",2024,89,94,70,m,B
7501,"Meera Iyer",Pune,"Electronics Engineering",2025,89,93,69,f,B
7538,"Ravi Patel",Bangalore,"Computer Science",2023,89,73,89,m,B
7542,"Sneha Reddy",Lucknow,"Electronics Engineering",2025,89,73,89,f,B
7550,"Rahul Mehta",Delhi,"Information Tech",2024,89,87,78,m,B
7597,"Meera Iyer",Chennai,"Civil Engineering",2024,89,73,66,f,A
7670,"Ravi Patel",Bangalore,"Computer Science",2024,89,72,75,m,A
7701,"Ravi Patel",Hyderabad,"Information Tech",2023,89,84,79,m,B
7708,"Ananya Sharma",Ahmedabad,"IT Engineering",2025,89,91,87,f,B
7770,"Karan Verma",Pune,"Computer Science",2024,89,77,83,m,B
7786,"Rahul Mehta",Pune,"Electronics Engineering",2023,89,76,72,m,A
7793,"Ravi Patel",Hyderabad,"Mechanical Engineering",2025,89,92,75,m,B
7831,"Vishal Dubey",Hyderabad,"IT Engineering",2023,89,77,68,m,A
7856,"Karan Verma",Indore,"Mechanical Engineering",2025,89,83,82,m,B
7865,"Rahul Mehta",Hyderabad,"IT Engineering",2024,89,74,75,m,A
7924,"Arjun Singh",Hyderabad,"Information Tech",2023,89,88,88,m,B
7954,"Ravi Patel",Indore,"Mechanical Engineering",2024,89,93,77,m,B
7990,"Sneha Reddy",Indore,"Mechanical Engineering",2024,89,81,67,f,A
8042,"Ravi Patel",Ahmedabad,"Electrical Engineering",2024,89,85,89,m,B
8058,"Rahul Mehta",Bangalore,"Mechanical Engineering",2024,89,91,71,m,B
8158,"Arjun Singh",Mumbai,"IT Engineering",2025,89,90,76,m,B
8163,"Sneha Reddy",Hyderabad,"Information Tech",2025,89,77,78,f,B
8169,"Ananya Sharma",Delhi,"Mechanical Engineering",2023,89,85,69,f,B
8206,"Ananya Sharma",Chennai,"Electronics Engineering",2024,89,80,79,f,B
8224,"Arjun Singh",Indore,"Electrical Engineering",2025,89,88,79,m,B
8232,"Meera Iyer",Ahmedabad,"IT Engineering",2023,89,70,83,f,B
8245,"Tanya Jain",Bangalore,"Electronics Engineering",2025,89,71,71,f,A
8250,"Rahul Mehta",Mumbai,"IT Engineering",2025,89,82,78,m,B
8266,"Ravi Patel",Lucknow,"Computer Science",2025,89,85,74,m,B
8271,"Ananya Sharma",Delhi,"Mechanical Engineering",2025,89,76,77,f,B
8277,"Vishal Dubey",Indore,"Mechanical Engineering",2024,89,76,87,m,B
8324,"Ravi Patel",Bangalore,"Electronics Engineering",2025,89,71,80,m,B
8339,"Ravi Patel",Delhi,"Mechanical Engineering",2025,89,84,66,m,A
8348,"Tanya Jain",Mumbai,"Information Tech",2023,89,93,81,f,B
8355,"Rahul Mehta",Pune,"Electronics Engineering",2025,89,81,77,m,B
8378,"Ravi Patel",Pune,"IT Engineering",2025,89,78,68,m,A
8459,"Sneha Reddy",Jaipur,"Civil Engineering",2025,89,81,74,f,B
8636,"Arjun Singh",Lucknow,"Mechanical Engineering",2023,89,85,67,m,B
8708,"Sneha Reddy",Ahmedabad,"Mechanical Engineering",2025,89,80,72,f,B
8734,"Meera Iyer",Lucknow,"Electronics Engineering",2024,89,81,75,f,B
8755,"Vishal Dubey",Bangalore,"Information Tech",2023,89,95,86,m,B
8779,"Tanya Jain",Lucknow,"Electronics Engineering",2023,89,92,85,f,B
8840,"Meera Iyer",Hyderabad,"IT Engineering",2024,89,80,72,f,B
8863,"Arjun Singh",Chennai,"Electronics Engineering",2024,89,95,67,m,B
8864,"Sneha Reddy",Jaipur,"Electrical Engineering",2024,89,91,80,f,B
8945,"Meera Iyer",Indore,"Computer Science",2024,89,91,80,f,B
8997,"Arjun Singh",Pune,"Civil Engineering",2023,89,80,85,m,B
9100,"Vishal Dubey",Mumbai,"Mechanical Engineering",2023,89,89,78,m,B
9160,"Vishal Dubey",Lucknow,"Electrical Engineering",2024,89,75,75,m,A
9170,"Vishal Dubey",Lucknow,"IT Engineering",2023,89,91,75,m,B
9177,"Vishal Dubey",Pune,"Electrical Engineering",2024,89,91,82,m,B
9183,"Karan Verma",Lucknow,"Electrical Engineering",2024,89,72,89,m,B
9232,"Priya Gupta",Lucknow,"Civil Engineering",2025,89,82,82,f,B
9238,"Arjun Singh",Jaipur,"Civil Engineering",2025,89,87,77,m,B
9257,"Ananya Sharma",Jaipur,"Electronics Engineering",2024,89,85,68,f,B
9338,"Sneha Reddy",Lucknow,"Electronics Engineering",2023,89,78,85,f,B
9339,"Rahul Mehta",Indore,"Computer Science",2023,89,93,86,m,B
9347,"Rahul Mehta",Lucknow,"Electrical Engineering",2024,89,79,70,m,A
9377,"Vishal Dubey",Lucknow,"Electronics Engineering",2025,89,89,73,m,B
9398,"Arjun Singh",Pune,"Mechanical Engineering",2023,89,93,66,m,B
9484,"Sneha Reddy",Delhi,"Computer Science",2025,89,86,82,f,B
9518,"Ravi Patel",Chennai,"Electrical Engineering",2025,89,79,69,m,A
9535,"Rahul Mehta",Delhi,"Mechanical Engineering",2024,89,76,73,m,A
9556,"Ananya Sharma",Hyderabad,"Mechanical Engineering",2025,89,83,87,f,B
9568,"Sneha Reddy",Lucknow,"IT Engineering",2023,89,87,81,f,B
9573,"Vishal Dubey",Mumbai,"Civil Engineering",2023,89,85,85,m,B
9586,"Priya Gupta",Lucknow,"Electronics Engineering",2025,89,91,89,f,B
9605,"Vishal Dubey",Lucknow,"Computer Science",2025,89,82,73,m,B
9610,"Arjun Singh",Indore,"Computer Science",2023,89,93,84,m,B
9618,"Priya Gupta",Pune,"Civil Engineering",2025,89,93,71,f,B
9643,"Karan Verma",Lucknow,"Civil Engineering",2023,89,92,76,m,B
9667,"Priya Gupta",Ahmedabad,"Computer Science",2025,89,71,68,f,A
9668,"Ananya Sharma",Delhi,"IT Engineering",2024,89,71,89,f,B
9686,"Meera Iyer",Indore,"Civil Engineering",2023,89,77,88,f,B
9695,"Ananya Sharma",Mumbai,"Electronics Engineering",2023,89,85,79,f,B
9729,"Tanya Jain",Delhi,"Civil Engineering",2023,89,89,78,f,B
9748,"Karan Verma",Jaipur,"Electronics Engineering",2025,89,92,66,m,B
9863,"Arjun Singh",Chennai,"IT Engineering",2023,89,72,66,m,A
9907,"Arjun Singh",Chennai,"Electronics Engineering",2025,89,83,85,m,B
9953,"Ananya Sharma",Hyderabad,"Electronics Engineering",2025,89,72,79,f,B
9963,"Vishal Dubey",Mumbai,"IT Engineering",2024,89,91,84,m,B
34,"Arjun Singh",Jaipur,"IT Engineering",2025,88,81,83,m,B
37,"Tanya Jain",Hyderabad,"Electronics Engineering",2024,88,77,82,f,B
65,"Arjun Singh",Delhi,"Civil Engineering",2025,88,75,80,m,B
87,"Karan Verma",Pune,"Information Tech",2023,88,90,72,m,B
97,"Sneha Reddy",Bangalore,"Computer Science",2025,88,91,73,f,B
110,"Rahul Mehta",Jaipur,"Mechanical Engineering",2024,88,80,71,m,A
135,"Priya Gupta",Ahmedabad,"Mechanical Engineering",2024,88,74,76,f,A
142,"Ananya Sharma",Ahmedabad,"IT Engineering",2023,88,72,76,f,A
149,"Ananya Sharma",Chennai,"Mechanical Engineering",2023,88,83,69,f,B
156,"Rahul Mehta",Hyderabad,"IT Engineering",2023,88,78,89,m,B
220,"Meera Iyer",Indore,"Electronics Engineering",2023,88,88,87,f,B
225,"Ananya Sharma",Pune,"Electrical Engineering",2024,88,89,81,f,B
272,"Karan Verma",Delhi,"Electronics Engineering",2025,88,87,79,m,B
306,"Arjun Singh",Pune,"IT Engineering",2024,88,81,67,m,A
350,"Ananya Sharma",Jaipur,"IT Engineering",2025,88,76,89,f,B
370,"Rahul Mehta",Mumbai,"Electrical Engineering",2024,88,87,82,m,B
384,"Ravi Patel",Hyderabad,"Information Tech",2025,88,76,84,m,B
430,"Tanya Jain",Lucknow,"Information Tech",2024,88,80,81,f,B
520,"Ananya Sharma",Delhi,"IT Engineering",2024,88,83,81,f,B
525,"Ravi Patel",Hyderabad,"Electronics Engineering",2025,88,76,90,m,B
556,"Meera Iyer",Bangalore,"Computer Science",2024,88,82,68,f,A
563,"Arjun Singh",Jaipur,"Electronics Engineering",2024,88,77,71,m,A
564,"Karan Verma",Mumbai,"Information Tech",2023,88,81,80,m,B
602,"Meera Iyer",Ahmedabad,"Electrical Engineering",2024,88,77,88,f,B
617,"Ravi Patel",Lucknow,"IT Engineering",2024,88,80,87,m,B
649,"Rahul Mehta",Hyderabad,"Electrical Engineering",2023,88,92,84,m,B
678,"Tanya Jain",Ahmedabad,"Computer Science",2024,88,92,88,f,B
770,"Meera Iyer",Jaipur,"IT Engineering",2023,88,86,74,f,B
781,"Rahul Mehta",Mumbai,"Electrical Engineering",2025,88,73,81,m,B
796,"Arjun Singh",Pune,"Computer Science",2024,88,85,84,m,B
818,"Tanya Jain",Bangalore,"Mechanical Engineering",2025,88,92,66,f,B
829,"Meera Iyer",Hyderabad,"IT Engineering",2023,88,89,87,f,B
837,"Karan Verma",Bangalore,"Electronics Engineering",2025,88,79,67,m,A
861,"Ananya Sharma",Hyderabad,"IT Engineering",2024,88,75,66,f,A
864,"Karan Verma",Delhi,"Computer Science",2023,88,87,68,m,B
889,"Meera Iyer",Lucknow,"IT Engineering",2023,88,77,78,f,B
959,"Arjun Singh",Delhi,"IT Engineering",2025,88,93,77,m,B
968,"Meera Iyer",Delhi,"IT Engineering",2024,88,91,82,f,B
991,"Arjun Singh",Bangalore,"Civil Engineering",2025,88,91,86,m,B
992,"Ananya Sharma",Chennai,"IT Engineering",2023,88,95,77,f,B
1014,"Arjun Singh",Chennai,"Information Tech",2025,88,92,66,m,B
1015,"Karan Verma",Indore,"IT Engineering",2024,88,94,81,m,B
1041,"Tanya Jain",Chennai,"Mechanical Engineering",2024,88,80,80,f,B
1047,"Ananya Sharma",Delhi,"Electronics Engineering",2025,88,87,67,f,B
1063,"Rahul Mehta",Hyderabad,"Electronics Engineering",2023,88,85,79,m,B
1116,"Arjun Singh",Mumbai,"Information Tech",2024,88,79,87,m,B
1124,"Ravi Patel",Pune,"Electronics Engineering",2025,88,92,67,m,B
1125,"Tanya Jain",Jaipur,"Computer Science",2025,88,95,71,f,B
1145,"Meera Iyer",Hyderabad,"Mechanical Engineering",2024,88,79,82,f,B
1191,"Vishal Dubey",Indore,"Electronics Engineering",2025,88,73,78,m,A
1209,"Sneha Reddy",Jaipur,"IT Engineering",2025,88,71,67,f,A
1210,"Priya Gupta",Mumbai,"Information Tech",2025,88,79,84,f,B
1228,"Vishal Dubey",Chennai,"Computer Science",2024,88,75,68,m,A
1272,"Tanya Jain",Indore,"IT Engineering",2025,88,75,76,f,A
1289,"Arjun Singh",Indore,"Civil Engineering",2024,88,75,82,m,B
1290,"Priya Gupta",Jaipur,"Civil Engineering",2024,88,88,68,f,B
1322,"Tanya Jain",Hyderabad,"IT Engineering",2023,88,72,69,f,A
1337,"Karan Verma",Lucknow,"Computer Science",2024,88,88,77,m,B
1376,"Sneha Reddy",Delhi,"IT Engineering",2025,88,92,77,f,B
1413,"Meera Iyer",Hyderabad,"Electrical Engineering",2024,88,93,78,f,B
1424,"Arjun Singh",Chennai,"Mechanical Engineering",2023,88,93,78,m,B
1474,"Karan Verma",Chennai,"Computer Science",2025,88,92,69,m,B
1519,"Sneha Reddy",Chennai,"Mechanical Engineering",2025,88,71,78,f,A
1533,"Ananya Sharma",Indore,"Mechanical Engineering",2024,88,86,88,f,B
1566,"Karan Verma",Jaipur,"Civil Engineering",2023,88,73,86,m,B
1570,"Rahul Mehta",Bangalore,"Electrical Engineering",2023,88,81,67,m,A
1585,"Ananya Sharma",Chennai,"Mechanical Engineering",2025,88,90,78,f,B
1609,"Arjun Singh",Lucknow,"Information Tech",2023,88,76,75,m,A
1650,"Sneha Reddy",Indore,"Electrical Engineering",2025,88,76,78,f,B
1662,"Rahul Mehta",Chennai,"Computer Science",2025,88,76,67,m,A
1684,"Ananya Sharma",Hyderabad,"Electrical Engineering",2023,88,79,75,f,B
1686,"Priya Gupta",Delhi,"IT Engineering",2024,88,84,85,f,B
1692,"Meera Iyer",Delhi,"Electrical Engineering",2023,88,79,66,f,A
1710,"Sneha Reddy",Delhi,"Electrical Engineering",2025,88,72,79,f,A
1729,"Priya Gupta",Chennai,"Computer Science",2024,88,91,79,f,B
1732,"Sneha Reddy",Indore,"Information Tech",2025,88,72,78,f,A
1758,"Rahul Mehta",Chennai,"Electronics Engineering",2025,88,87,75,m,B
1765,"Karan Verma",Chennai,"IT Engineering",2024,88,94,69,m,B
1775,"Rahul Mehta",Bangalore,"Electrical Engineering",2023,88,79,68,m,A
1808,"Ananya Sharma",Bangalore,"IT Engineering",2023,88,94,74,f,B
1850,"Tanya Jain",Mumbai,"Computer Science",2023,88,76,72,f,A
1868,"Arjun Singh",Pune,"Mechanical Engineering",2025,88,94,89,m,B
1877,"Karan Verma",Bangalore,"Electronics Engineering",2025,88,82,74,m,B
1897,"Rahul Mehta",Indore,"Electronics Engineering",2025,88,78,73,m,A
1906,"Tanya Jain",Chennai,"Electronics Engineering",2025,88,95,81,f,B
1927,"Meera Iyer",Jaipur,"Information Tech",2023,88,85,69,f,B
1943,"Ravi Patel",Indore,"Mechanical Engineering",2024,88,88,72,m,B
1965,"Arjun Singh",Lucknow,"IT Engineering",2024,88,94,77,m,B
2111,"Vishal Dubey",Indore,"Mechanical Engineering",2023,88,90,84,m,B
2149,"Vishal Dubey",Hyderabad,"Electrical Engineering",2023,88,91,87,m,B
2202,"Meera Iyer",Ahmedabad,"Information Tech",2025,88,90,78,f,B
2229,"Ravi Patel",Chennai,"Information Tech",2025,88,84,90,m,B
2233,"Tanya Jain",Bangalore,"Electrical Engineering",2023,88,78,71,f,A
2246,"Karan Verma",Delhi,"Computer Science",2023,88,71,71,m,A
2320,"Vishal Dubey",Bangalore,"Information Tech",2023,88,86,73,m,B
2374,"Rahul Mehta",Jaipur,"IT Engineering",2023,88,70,85,m,B
2444,"Ravi Patel",Bangalore,"Electronics Engineering",2024,88,93,81,m,B
2509,"Meera Iyer",Pune,"Information Tech",2025,88,79,73,f,B
2517,"Ananya Sharma",Pune,"Electronics Engineering",2024,88,72,69,f,A
2521,"Arjun Singh",Bangalore,"Electronics Engineering",2023,88,84,74,m,B
2523,"Vishal Dubey",Pune,"Electronics Engineering",2025,88,77,72,m,A
2555,"Ananya Sharma",Jaipur,"Electronics Engineering",2023,88,79,66,f,A
2577,"Priya Gupta",Pune,"Electrical Engineering",2023,88,93,84,f,B
2585,"Ravi Patel",Pune,"Mechanical Engineering",2024,88,81,81,m,B
2611,"Ravi Patel",Mumbai,"Electrical Engineering",2023,88,72,89,m,B
2638,"Rahul Mehta",Hyderabad,"Computer Science",2024,88,78,89,m,B
2644,"Rahul Mehta",Mumbai,"Information Tech",2023,88,74,77,m,A
2659,"Arjun Singh",Jaipur,"Information Tech",2024,88,94,86,m,B
2681,"Priya Gupta",Ahmedabad,"IT Engineering",2025,88,87,76,f,B
2722,"Vishal Dubey",Bangalore,"Information Tech",2025,88,88,88,m,B
2726,"Vishal Dubey",Chennai,"Computer Science",2023,88,92,88,m,B
2784,"Ravi Patel",Delhi,"Mechanical Engineering",2023,88,85,82,m,B
2890,"Karan Verma",Chennai,"Computer Science",2024,88,78,81,m,B
2925,"Priya Gupta",Bangalore,"Civil Engineering",2025,88,80,87,f,B
2936,"Meera Iyer",Lucknow,"Information Tech",2024,88,89,83,f,B
2958,"Ananya Sharma",Jaipur,"Computer Science",2023,88,76,83,f,B
2985,"Rahul Mehta",Ahmedabad,"IT Engineering",2023,88,90,75,m,B
3002,"Ananya Sharma",Jaipur,"IT Engineering",2025,88,83,81,f,B
3050,"Arjun Singh",Mumbai,"Information Tech",2025,88,82,83,m,B
3058,"Vishal Dubey",Pune,"IT Engineering",2023,88,87,76,m,B
3070,"Sneha Reddy",Lucknow,"Electrical Engineering",2023,88,90,80,f,B
3071,"Meera Iyer",Mumbai,"Electrical Engineering",2024,88,89,90,f,B
3107,"Karan Verma",Pune,"Information Tech",2025,88,70,87,m,B
3122,"Priya Gupta",Ahmedabad,"Mechanical Engineering",2024,88,75,74,f,A
3127,"Ananya Sharma",Pune,"Mechanical Engineering",2023,88,80,73,f,B
3173,"Sneha Reddy",Mumbai,"Electronics Engineering",2025,88,90,80,f,B
3210,"Priya Gupta",Pune,"IT Engineering",2025,88,90,80,f,B
3304,"Meera Iyer",Indore,"Electrical Engineering",2023,88,73,89,f,B
3309,"Meera Iyer",Pune,"Computer Science",2025,88,76,86,f,B
3394,"Sneha Reddy",Bangalore,"Information Tech",2025,88,83,67,f,A
3558,"Rahul Mehta",Hyderabad,"Civil Engineering",2023,88,87,86,m,B
3567,"Rahul Mehta",Pune,"Civil Engineering",2024,88,70,79,m,A
3600,"Arjun Singh",Pune,"Mechanical Engineering",2025,88,77,74,m,A
3673,"Arjun Singh",Mumbai,"IT Engineering",2023,88,88,79,m,B
3677,"Vishal Dubey",Hyderabad,"Electronics Engineering",2023,88,81,86,m,B
3735,"Ananya Sharma",Bangalore,"Electronics Engineering",2025,88,94,66,f,B
3751,"Ananya Sharma",Delhi,"IT Engineering",2025,88,85,67,f,B
3820,"Vishal Dubey",Lucknow,"Civil Engineering",2025,88,93,76,m,B
3849,"Ananya Sharma",Chennai,"Civil Engineering",2024,88,77,69,f,A
3857,"Ananya Sharma",Chennai,"Mechanical Engineering",2025,88,91,85,f,B
3866,"Ravi Patel",Pune,"Information Tech",2025,88,89,68,m,B
3959,"Rahul Mehta",Chennai,"Computer Science",2024,88,70,89,m,B
4044,"Meera Iyer",Lucknow,"Electrical Engineering",2024,88,87,71,f,B
4050,"Ravi Patel",Jaipur,"Information Tech",2024,88,93,89,m,B
4068,"Arjun Singh",Indore,"Information Tech",2024,88,84,84,m,B
4156,"Ananya Sharma",Delhi,"Information Tech",2025,88,86,85,f,B
4191,"Karan Verma",Delhi,"Information Tech",2025,88,78,69,m,A
4219,"Vishal Dubey",Bangalore,"Computer Science",2023,88,85,79,m,B
4292,"Arjun Singh",Indore,"IT Engineering",2025,88,85,80,m,B
4407,"Rahul Mehta",Chennai,"IT Engineering",2024,88,75,83,m,B
4454,"Priya Gupta",Indore,"Civil Engineering",2025,88,87,85,f,B
4564,"Meera Iyer",Ahmedabad,"Electronics Engineering",2025,88,85,84,f,B
4629,"Tanya Jain",Pune,"Mechanical Engineering",2025,88,85,90,f,B
4675,"Priya Gupta",Indore,"Mechanical Engineering",2024,88,94,89,f,B
4697,"Rahul Mehta",Chennai,"Electrical Engineering",2024,88,90,76,m,B
4708,"Tanya Jain",Indore,"Computer Science",2025,88,86,65,f,A
4799,"Vishal Dubey",Jaipur,"Computer Science",2023,88,77,88,m,B
4828,"Meera Iyer",Lucknow,"Information Tech",2023,88,90,67,f,B
4838,"Ananya Sharma",Bangalore,"Electrical Engineering",2023,88,90,75,f,B
4847,"Tanya Jain",Hyderabad,"Mechanical Engineering",2023,88,90,78,f,B
4848,"Tanya Jain",Bangalore,"Civil Engineering",2023,88,79,67,f,A
4862,"Vishal Dubey",Jaipur,"IT Engineering",2023,88,79,67,m,A
4905,"Karan Verma",Mumbai,"Electrical Engineering",2025,88,77,79,m,B
4969,"Rahul Mehta",Pune,"Computer Science",2025,88,92,84,m,B
4986,"Vishal Dubey",Mumbai,"IT Engineering",2024,88,74,80,m,B
5022,"Priya Gupta",Pune,"Mechanical Engineering",2024,88,71,80,f,A
5023,"Karan Verma",Chennai,"Information Tech",2023,88,71,69,m,A
5029,"Sneha Reddy",Hyderabad,"IT Engineering",2023,88,76,85,f,B
5058,"Ananya Sharma",Indore,"Computer Science",2025,88,80,90,f,B
5158,"Vishal Dubey",Indore,"Electrical Engineering",2024,88,94,77,m,B
5181,"Meera Iyer",Jaipur,"Mechanical Engineering",2023,88,79,89,f,B
5209,"Arjun Singh",Chennai,"Mechanical Engineering",2025,88,84,87,m,B
5267,"Arjun Singh",Chennai,"Mechanical Engineering",2025,88,88,78,m,B
5309,"Ananya Sharma",Ahmedabad,"Mechanical Engineering",2024,88,81,75,f,B
5311,"Ravi Patel",Jaipur,"Mechanical Engineering",2025,88,90,85,m,B
5320,"Ravi Patel",Delhi,"Electrical Engineering",2023,88,82,68,m,A
5340,"Rahul Mehta",Jaipur,"Electrical Engineering",2023,88,73,80,m,B
5369,"Arjun Singh",Pune,"Mechanical Engineering",2023,88,85,65,m,A
5381,"Meera Iyer",Jaipur,"Information Tech",2024,88,87,71,f,B
5428,"Ravi Patel",Jaipur,"Information Tech",2023,88,93,74,m,B
5450,"Vishal Dubey",Chennai,"Information Tech",2023,88,94,72,m,B
5474,"Priya Gupta",Pune,"Information Tech",2024,88,75,88,f,B
5520,"Ananya Sharma",Jaipur,"Mechanical Engineering",2024,88,77,83,f,B
5558,"Sneha Reddy",Delhi,"Mechanical Engineering",2025,88,82,84,f,B
5565,"Ravi Patel",Indore,"Electrical Engineering",2025,88,81,70,m,A
5579,"Vishal Dubey",Chennai,"Mechanical Engineering",2025,88,74,83,m,B
5604,"Karan Verma",Pune,"Civil Engineering",2024,88,80,85,m,B
5608,"Priya Gupta",Delhi,"Computer Science",2025,88,92,73,f,B
5612,"Arjun Singh",Pune,"Mechanical Engineering",2023,88,75,86,m,B
5663,"Meera Iyer",Bangalore,"Computer Science",2025,88,95,79,f,B
5668,"Rahul Mehta",Mumbai,"Civil Engineering",2025,88,77,74,m,A
5685,"Ananya Sharma",Pune,"Civil Engineering",2025,88,78,72,f,A
5713,"Arjun Singh",Mumbai,"Mechanical Engineering",2023,88,79,81,m,B
5731,"Sneha Reddy",Mumbai,"Civil Engineering",2023,88,92,66,f,B
5735,"Ravi Patel",Pune,"Electronics Engineering",2024,88,88,65,m,B
5738,"Sneha Reddy",Pune,"Information Tech",2024,88,86,77,f,B
5741,"Vishal Dubey",Jaipur,"Mechanical Engineering",2023,88,85,79,m,B
5748,"Ananya Sharma",Indore,"IT Engineering",2025,88,81,90,f,B
5756,"Ananya Sharma",Hyderabad,"Information Tech",2024,88,84,85,f,B
5772,"Meera Iyer",Chennai,"Civil Engineering",2023,88,91,83,f,B
5856,"Rahul Mehta",Bangalore,"Computer Science",2024,88,93,82,m,B
5964,"Sneha Reddy",Delhi,"Civil Engineering",2025,88,80,66,f,A
5968,"Vishal Dubey",Jaipur,"Mechanical Engineering",2025,88,80,81,m,B
5970,"Ravi Patel",Mumbai,"Information Tech",2024,88,82,89,m,B
5986,"Sneha Reddy",Ahmedabad,"Electronics Engineering",2023,88,81,74,f,B
6062,"Sneha Reddy",Chennai,"IT Engineering",2025,88,87,70,f,B
6119,"Ananya Sharma",Mumbai,"IT Engineering",2025,88,80,74,f,B
6130,"Rahul Mehta",Jaipur,"IT Engineering",2025,88,90,87,m,B
6135,"Priya Gupta",Jaipur,"IT Engineering",2023,88,77,78,f,B
6147,"Rahul Mehta",Hyderabad,"Civil Engineering",2024,88,78,72,m,A
6177,"Ravi Patel",Delhi,"Computer Science",2023,88,87,81,m,B
6221,"Arjun Singh",Jaipur,"IT Engineering",2024,88,82,83,m,B
6246,"Rahul Mehta",Pune,"Civil Engineering",2023,88,74,75,m,A
6266,"Rahul Mehta",Ahmedabad,"Mechanical Engineering",2025,88,83,79,m,B
6280,"Meera Iyer",Mumbai,"Information Tech",2024,88,85,84,f,B
6304,"Karan Verma",Mumbai,"Information Tech",2024,88,80,69,m,A
6314,"Priya Gupta",Pune,"Information Tech",2024,88,75,76,f,A
6403,"Rahul Mehta",Indore,"IT Engineering",2023,88,80,87,m,B
6404,"Meera Iyer",Mumbai,"Mechanical Engineering",2024,88,78,70,f,A
6429,"Vishal Dubey",Ahmedabad,"IT Engineering",2024,88,83,66,m,A
6451,"Vishal Dubey",Bangalore,"Electronics Engineering",2025,88,77,80,m,B
6466,"Sneha Reddy",Chennai,"Electrical Engineering",2025,88,94,75,f,B
6472,"Ravi Patel",Hyderabad,"Mechanical Engineering",2023,88,93,82,m,B
6553,"Vishal Dubey",Lucknow,"Electrical Engineering",2025,88,84,87,m,B
6555,"Meera Iyer",Indore,"Electrical Engineering",2023,88,77,88,f,B
6584,"Meera Iyer",Lucknow,"Information Tech",2025,88,91,72,f,B
6596,"Karan Verma",Lucknow,"Electrical Engineering",2023,88,85,75,m,B
6684,"Vishal Dubey",Lucknow,"Mechanical Engineering",2023,88,94,75,m,B
6688,"Meera Iyer",Mumbai,"Mechanical Engineering",2024,88,74,88,f,B
6734,"Meera Iyer",Bangalore,"Computer Science",2024,88,95,89,f,B
6782,"Arjun Singh",Ahmedabad,"Electronics Engineering",2023,88,79,83,m,B
6787,"Sneha Reddy",Lucknow,"Mechanical Engineering",2025,88,95,68,f,B
6901,"Meera Iyer",Jaipur,"IT Engineering",2024,88,86,66,f,B
6911,"Karan Verma",Lucknow,"Civil Engineering",2023,88,73,87,m,B
6927,"Sneha Reddy",Mumbai,"Electrical Engineering",2024,88,75,68,f,A
6933,"Tanya Jain",Jaipur,"Civil Engineering",2024,88,71,70,f,A
6967,"Meera Iyer",Bangalore,"Electrical Engineering",2023,88,91,86,f,B
6982,"Vishal Dubey",Delhi,"Computer Science",2024,88,78,78,m,B
7000,"Rahul Mehta",Lucknow,"Electronics Engineering",2023,88,82,77,m,B
7007,"Tanya Jain",Chennai,"Mechanical Engineering",2024,88,82,65,f,A
7019,"Ananya Sharma",Hyderabad,"Civil Engineering",2024,88,83,87,f,B
7030,"Ananya Sharma",Delhi,"Mechanical Engineering",2024,88,73,77,f,A
7186,"Vishal Dubey",Lucknow,"Mechanical Engineering",2025,88,88,72,m,B
7198,"Ananya Sharma",Jaipur,"Electrical Engineering",2023,88,74,85,f,B
7221,"Meera Iyer",Bangalore,"IT Engineering",2025,88,94,76,f,B
7314,"Arjun Singh",Lucknow,"Civil Engineering",2023,88,82,81,m,B
7356,"Karan Verma",Hyderabad,"Mechanical Engineering",2025,88,89,79,m,B
7398,"Vishal Dubey",Lucknow,"Mechanical Engineering",2023,88,82,65,m,A
7404,"Ravi Patel",Hyderabad,"Electronics Engineering",2024,88,79,79,m,B
7434,"Meera Iyer",Chennai,"Electronics Engineering",2023,88,93,88,f,B
7468,"Arjun Singh",Bangalore,"Information Tech",2025,88,83,76,m,B
7519,"Karan Verma",Indore,"IT Engineering",2023,88,70,68,m,A
7540,"Rahul Mehta",Hyderabad,"Computer Science",2024,88,70,86,m,B
7558,"Vishal Dubey",Indore,"IT Engineering",2023,88,83,73,m,B
7587,"Priya Gupta",Delhi,"Mechanical Engineering",2023,88,74,82,f,B
7628,"Tanya Jain",Indore,"Civil Engineering",2023,88,70,84,f,B
7654,"Sneha Reddy",Pune,"Civil Engineering",2023,88,91,87,f,B
7720,"Tanya Jain",Lucknow,"Computer Science",2024,88,75,70,f,A
7725,"Ananya Sharma",Chennai,"Electronics Engineering",2024,88,78,71,f,A
7768,"Vishal Dubey",Indore,"Electrical Engineering",2023,88,80,76,m,B
7796,"Rahul Mehta",Jaipur,"Electrical Engineering",2024,88,76,80,m,B
7839,"Priya Gupta",Ahmedabad,"Information Tech",2023,88,92,78,f,B
7852,"Arjun Singh",Chennai,"Mechanical Engineering",2024,88,78,80,m,B
7886,"Karan Verma",Pune,"Electrical Engineering",2023,88,77,72,m,A
7889,"Vishal Dubey",Ahmedabad,"Information Tech",2025,88,79,70,m,A
7909,"Tanya Jain",Pune,"Mechanical Engineering",2023,88,77,81,f,B
8021,"Rahul Mehta",Mumbai,"Mechanical Engineering",2024,88,75,80,m,B
8025,"Ravi Patel",Hyderabad,"Electronics Engineering",2025,88,83,82,m,B
8126,"Meera Iyer",Jaipur,"Electrical Engineering",2024,88,84,68,f,B
8161,"Rahul Mehta",Jaipur,"Mechanical Engineering",2024,88,81,88,m,B
8178,"Vishal Dubey",Ahmedabad,"Electronics Engineering",2025,88,88,74,m,B
8243,"Ravi Patel",Chennai,"Civil Engineering",2025,88,81,78,m,B
8255,"Priya Gupta",Hyderabad,"Electrical Engineering",2024,88,75,83,f,B
8367,"Rahul Mehta",Bangalore,"Computer Science",2025,88,89,87,m,B
8386,"Sneha Reddy",Ahmedabad,"Electrical Engineering",2023,88,93,73,f,B
8414,"Sneha Reddy",Mumbai,"Computer Science",2023,88,89,90,f,B
8478,"Ananya Sharma",Jaipur,"Computer Science",2023,88,91,88,f,B
8493,"Rahul Mehta",Mumbai,"Electronics Engineering",2023,88,77,81,m,B
8563,"Meera Iyer",Jaipur,"Electronics Engineering",2023,88,75,80,f,B
8571,"Karan Verma",Mumbai,"Electrical Engineering",2024,88,70,72,m,A
8572,"Arjun Singh",Ahmedabad,"Electronics Engineering",2025,88,94,88,m,B
8641,"Tanya Jain",Lucknow,"Civil Engineering",2024,88,93,82,f,B
8656,"Karan Verma",Indore,"Mechanical Engineering",2023,88,71,78,m,A
8683,"Rahul Mehta",Mumbai,"Mechanical Engineering",2023,88,83,80,m,B
8684,"Rahul Mehta",Indore,"Electrical Engineering",2024,88,93,86,m,B
8692,"Rahul Mehta",Indore,"Civil Engineering",2023,88,90,77,m,B
8781,"Ananya Sharma",Bangalore,"Information Tech",2025,88,91,80,f,B
8894,"Sneha Reddy",Chennai,"Information Tech",2023,88,93,68,f,B
8901,"Karan Verma",Bangalore,"Computer Science",2025,88,81,73,m,B
8906,"Karan Verma",Indore,"Civil Engineering",2024,88,83,86,m,B
8918,"Rahul Mehta",Pune,"Civil Engineering",2024,88,86,78,m,B
8962,"Vishal Dubey",Pune,"Mechanical Engineering",2023,88,86,75,m,B
9014,"Ananya Sharma",Lucknow,"Electronics Engineering",2024,88,78,74,f,B
9112,"Vishal Dubey",Jaipur,"Electrical Engineering",2023,88,78,74,m,B
9113,"Arjun Singh",Delhi,"Electrical Engineering",2023,88,90,74,m,B
9123,"Arjun Singh",Lucknow,"Electrical Engineering",2025,88,70,72,m,A
9129,"Priya Gupta",Bangalore,"Electronics Engineering",2023,88,74,89,f,B
9144,"Tanya Jain",Chennai,"Mechanical Engineering",2024,88,71,72,f,A
9150,"Meera Iyer",Delhi,"Information Tech",2024,88,95,76,f,B
9182,"Priya Gupta",Delhi,"Information Tech",2024,88,88,80,f,B
9200,"Arjun Singh",Indore,"Electronics Engineering",2023,88,78,76,m,B
9249,"Rahul Mehta",Indore,"Civil Engineering",2024,88,80,70,m,A
9278,"Arjun Singh",Delhi,"IT Engineering",2024,88,91,76,m,B
9340,"Ravi Patel",Chennai,"Civil Engineering",2023,88,86,89,m,B
9349,"Ananya Sharma",Indore,"IT Engineering",2023,88,73,87,f,B
9380,"Rahul Mehta",Mumbai,"Information Tech",2023,88,78,87,m,B
9409,"Vishal Dubey",Lucknow,"Information Tech",2025,88,89,87,m,B
9413,"Vishal Dubey",Mumbai,"Computer Science",2024,88,87,87,m,B
9420,"Ravi Patel",Ahmedabad,"Electronics Engineering",2025,88,73,69,m,A
9431,"Rahul Mehta",Bangalore,"IT Engineering",2023,88,73,75,m,A
9575,"Vishal Dubey",Lucknow,"Electronics Engineering",2024,88,88,89,m,B
9592,"Ravi Patel",Hyderabad,"Electrical Engineering",2023,88,85,79,m,B
9613,"Meera Iyer",Ahmedabad,"IT Engineering",2025,88,80,88,f,B
9655,"Arjun Singh",Chennai,"Mechanical Engineering",2023,88,79,83,m,B
9661,"Vishal Dubey",Hyderabad,"Mechanical Engineering",2025,88,87,78,m,B
9688,"Sneha Reddy",Indore,"IT Engineering",2025,88,71,86,f,B
9703,"Vishal Dubey",Chennai,"Electrical Engineering",2024,88,80,70,m,A
9708,"Sneha Reddy",Delhi,"Computer Science",2024,88,86,73,f,B
9753,"Meera Iyer",Delhi,"Electrical Engineering",2024,88,93,85,f,B
9772,"Ananya Sharma",Bangalore,"Electrical Engineering",2024,88,84,81,f,B
9792,"Arjun Singh",Hyderabad,"Electronics Engineering",2023,88,82,90,m,B
9840,"Ananya Sharma",Hyderabad,"Information Tech",2023,88,92,69,f,B
9897,"Sneha Reddy",Indore,"Mechanical Engineering",2024,88,86,83,f,B
9905,"Arjun Singh",Jaipur,"Mechanical Engineering",2025,88,82,85,m,B
9927,"Sneha Reddy",Delhi,"Electronics Engineering",2024,88,85,83,f,B
9961,"Priya Gupta",Delhi,"IT Engineering",2025,88,82,72,f,B
9993,"Tanya Jain",Lucknow,"Information Tech",2023,88,85,77,f,B
4,"Tanya Jain",Lucknow,"Mechanical Engineering",2024,87,79,84,f,B
13,"Rahul Mehta",Hyderabad,"Civil Engineering",2023,87,81,88,m,B
35,"Meera Iyer",Bangalore,"IT Engineering",2025,87,90,77,f,B
93,"Rahul Mehta",Pune,"Civil Engineering",2025,87,93,71,m,B
146,"Arjun Singh",Bangalore,"Computer Science",2024,87,72,88,m,B
162,"Priya Gupta",Mumbai,"Electronics Engineering",2024,87,87,73,f,B
172,"Rahul Mehta",Ahmedabad,"Mechanical Engineering",2024,87,77,82,m,B
177,"Priya Gupta",Mumbai,"Civil Engineering",2023,87,74,85,f,B
323,"Meera Iyer",Hyderabad,"Electrical Engineering",2025,87,86,66,f,A
325,"Rahul Mehta",Ahmedabad,"Mechanical Engineering",2023,87,90,68,m,B
333,"Tanya Jain",Jaipur,"Mechanical Engineering",2025,87,83,86,f,B
425,"Arjun Singh",Pune,"IT Engineering",2023,87,89,86,m,B
496,"Ravi Patel",Indore,"IT Engineering",2024,87,76,76,m,A
545,"Rahul Mehta",Lucknow,"Information Tech",2024,87,89,86,m,B
566,"Rahul Mehta",Hyderabad,"Information Tech",2024,87,94,84,m,B
585,"Meera Iyer",Pune,"Electrical Engineering",2025,87,83,89,f,B
590,"Ananya Sharma",Mumbai,"Electronics Engineering",2024,87,94,80,f,B
616,"Tanya Jain",Pune,"IT Engineering",2024,87,81,73,f,B
628,"Meera Iyer",Lucknow,"IT Engineering",2023,87,74,69,f,A
641,"Priya Gupta",Pune,"Electrical Engineering",2024,87,81,72,f,B
664,"Ananya Sharma",Indore,"IT Engineering",2025,87,70,71,f,A
673,"Rahul Mehta",Pune,"Computer Science",2023,87,74,73,m,A
778,"Arjun Singh",Ahmedabad,"Civil Engineering",2023,87,88,75,m,B
797,"Arjun Singh",Jaipur,"Mechanical Engineering",2023,87,74,73,m,A
800,"Tanya Jain",Jaipur,"Mechanical Engineering",2023,87,70,85,f,B
817,"Tanya Jain",Bangalore,"Civil Engineering",2024,87,85,85,f,B
839,"Vishal Dubey",Mumbai,"Mechanical Engineering",2025,87,88,85,m,B
860,"Ravi Patel",Jaipur,"IT Engineering",2023,87,85,79,m,B
867,"Sneha Reddy",Lucknow,"Electronics Engineering",2024,87,82,68,f,A
874,"Karan Verma",Chennai,"Computer Science",2024,87,74,76,m,A
971,"Sneha Reddy",Delhi,"Electronics Engineering",2024,87,72,67,f,A
1051,"Meera Iyer",Jaipur,"Computer Science",2024,87,81,85,f,B
1056,"Rahul Mehta",Pune,"Electronics Engineering",2024,87,78,88,m,B
1067,"Tanya Jain",Lucknow,"Information Tech",2025,87,89,84,f,B
1128,"Vishal Dubey",Hyderabad,"Computer Science",2024,87,94,79,m,B
1227,"Ravi Patel",Ahmedabad,"Electronics Engineering",2024,87,84,77,m,B
1251,"Ravi Patel",Lucknow,"Electrical Engineering",2024,87,72,80,m,A
1271,"Rahul Mehta",Lucknow,"Civil Engineering",2025,87,71,87,m,B
1273,"Priya Gupta",Hyderabad,"Electronics Engineering",2023,87,85,87,f,B
1299,"Sneha Reddy",Ahmedabad,"Computer Science",2024,87,92,81,f,B
1317,"Rahul Mehta",Delhi,"Computer Science",2024,87,71,66,m,A
1336,"Meera Iyer",Lucknow,"IT Engineering",2023,87,76,75,f,A
1349,"Ravi Patel",Chennai,"Information Tech",2025,87,93,81,m,B
1379,"Arjun Singh",Delhi,"Electronics Engineering",2025,87,79,75,m,B
1389,"Priya Gupta",Ahmedabad,"Information Tech",2023,87,88,76,f,B
1406,"Ravi Patel",Mumbai,"Electrical Engineering",2024,87,77,74,m,A
1430,"Sneha Reddy",Ahmedabad,"IT Engineering",2024,87,93,81,f,B
1444,"Ravi Patel",Ahmedabad,"Electronics Engineering",2023,87,83,88,m,B
1473,"Vishal Dubey",Mumbai,"Computer Science",2023,87,93,89,m,B
1506,"Ananya Sharma",Bangalore,"Civil Engineering",2023,87,75,66,f,A
1523,"Sneha Reddy",Hyderabad,"Civil Engineering",2025,87,92,76,f,B
1550,"Karan Verma",Pune,"Mechanical Engineering",2025,87,91,77,m,B
1577,"Priya Gupta",Lucknow,"Civil Engineering",2023,87,80,90,f,B
1629,"Ananya Sharma",Jaipur,"Mechanical Engineering",2023,87,90,78,f,B
1655,"Ravi Patel",Jaipur,"Mechanical Engineering",2025,87,87,70,m,B
1672,"Rahul Mehta",Hyderabad,"Civil Engineering",2023,87,71,83,m,B
1711,"Rahul Mehta",Indore,"Information Tech",2025,87,88,71,m,B
1724,"Arjun Singh",Pune,"Information Tech",2025,87,84,74,m,B
1730,"Vishal Dubey",Lucknow,"Computer Science",2024,87,80,89,m,B
1779,"Priya Gupta",Delhi,"Information Tech",2024,87,75,89,f,B
1795,"Sneha Reddy",Indore,"Electronics Engineering",2025,87,85,74,f,B
1796,"Rahul Mehta",Ahmedabad,"Electrical Engineering",2025,87,84,71,m,B
1854,"Tanya Jain",Ahmedabad,"IT Engineering",2024,87,78,80,f,B
1880,"Sneha Reddy",Delhi,"Electronics Engineering",2025,87,80,74,f,B
1884,"Karan Verma",Hyderabad,"Electrical Engineering",2023,87,93,75,m,B
1901,"Rahul Mehta",Pune,"Electrical Engineering",2023,87,82,87,m,B
1940,"Sneha Reddy",Jaipur,"Electronics Engineering",2025,87,89,82,f,B
1954,"Arjun Singh",Hyderabad,"Electrical Engineering",2024,87,73,83,m,B
1961,"Ananya Sharma",Lucknow,"Civil Engineering",2025,87,82,66,f,A
1969,"Meera Iyer",Lucknow,"Electrical Engineering",2025,87,76,66,f,A
1992,"Meera Iyer",Indore,"IT Engineering",2025,87,89,68,f,B
1998,"Priya Gupta",Jaipur,"Mechanical Engineering",2023,87,75,85,f,B
2027,"Ananya Sharma",Ahmedabad,"Civil Engineering",2025,87,83,84,f,B
2071,"Rahul Mehta",Indore,"Computer Science",2023,87,92,77,m,B
2112,"Tanya Jain",Delhi,"Information Tech",2025,87,74,71,f,A
2195,"Priya Gupta",Ahmedabad,"Mechanical Engineering",2023,87,78,88,f,B
2207,"Meera Iyer",Ahmedabad,"Electronics Engineering",2025,87,75,77,f,A
2241,"Arjun Singh",Delhi,"Civil Engineering",2023,87,76,81,m,B
2276,"Sneha Reddy",Bangalore,"IT Engineering",2025,87,86,76,f,B
2285,"Ravi Patel",Pune,"IT Engineering",2024,87,80,88,m,B
2321,"Rahul Mehta",Chennai,"Electrical Engineering",2025,87,91,82,m,B
2398,"Ravi Patel",Mumbai,"Mechanical Engineering",2023,87,75,81,m,B
2406,"Arjun Singh",Pune,"IT Engineering",2025,87,89,68,m,B
2424,"Sneha Reddy",Delhi,"Civil Engineering",2023,87,93,88,f,B
2430,"Meera Iyer",Hyderabad,"Information Tech",2024,87,86,78,f,B
2466,"Karan Verma",Delhi,"Civil Engineering",2023,87,82,88,m,B
2475,"Meera Iyer",Mumbai,"Civil Engineering",2023,87,73,87,f,B
2488,"Tanya Jain",Pune,"Electrical Engineering",2024,87,91,78,f,B
2511,"Vishal Dubey",Bangalore,"Information Tech",2025,87,78,65,m,A
2528,"Priya Gupta",Ahmedabad,"Information Tech",2023,87,72,84,f,B
2548,"Priya Gupta",Hyderabad,"IT Engineering",2024,87,82,80,f,B
2576,"Ravi Patel",Delhi,"Computer Science",2023,87,86,80,m,B
2636,"Rahul Mehta",Ahmedabad,"Mechanical Engineering",2023,87,76,75,m,A
2640,"Ravi Patel",Delhi,"IT Engineering",2023,87,77,79,m,B
2679,"Priya Gupta",Mumbai,"Information Tech",2024,87,84,84,f,B
2710,"Sneha Reddy",Indore,"IT Engineering",2025,87,91,81,f,B
2738,"Ananya Sharma",Ahmedabad,"Civil Engineering",2025,87,79,72,f,A
2741,"Vishal Dubey",Indore,"Civil Engineering",2025,87,78,66,m,A
2753,"Ananya Sharma",Pune,"Information Tech",2025,87,88,67,f,B
2775,"Arjun Singh",Indore,"Information Tech",2025,87,74,89,m,B
2792,"Tanya Jain",Jaipur,"Civil Engineering",2024,87,77,73,f,A
2848,"Rahul Mehta",Chennai,"Information Tech",2024,87,94,70,m,B
2882,"Rahul Mehta",Hyderabad,"Information Tech",2023,87,81,83,m,B
2894,"Rahul Mehta",Ahmedabad,"Civil Engineering",2024,87,85,89,m,B
2912,"Rahul Mehta",Jaipur,"Mechanical Engineering",2024,87,92,73,m,B
2939,"Rahul Mehta",Delhi,"Mechanical Engineering",2023,87,83,86,m,B
2946,"Rahul Mehta",Ahmedabad,"IT Engineering",2024,87,94,68,m,B
2977,"Arjun Singh",Lucknow,"Computer Science",2024,87,89,90,m,B
3017,"Tanya Jain",Ahmedabad,"Computer Science",2025,87,74,81,f,B
3034,"Priya Gupta",Hyderabad,"Information Tech",2024,87,84,66,f,A
3053,"Tanya Jain",Bangalore,"Mechanical Engineering",2025,87,70,79,f,A
3084,"Sneha Reddy",Mumbai,"Computer Science",2025,87,90,66,f,B
3108,"Ravi Patel",Bangalore,"Electrical Engineering",2024,87,81,79,m,B
3133,"Meera Iyer",Indore,"IT Engineering",2023,87,79,87,f,B
3166,"Sneha Reddy",Chennai,"IT Engineering",2023,87,89,74,f,B
3170,"Rahul Mehta",Lucknow,"Mechanical Engineering",2023,87,80,78,m,B
3182,"Ananya Sharma",Chennai,"Information Tech",2024,87,83,78,f,B
3184,"Ravi Patel",Lucknow,"Mechanical Engineering",2025,87,93,79,m,B
3238,"Meera Iyer",Chennai,"Civil Engineering",2023,87,92,84,f,B
3241,"Ananya Sharma",Pune,"IT Engineering",2025,87,85,71,f,B
3272,"Karan Verma",Hyderabad,"Electronics Engineering",2023,87,86,83,m,B
3312,"Vishal Dubey",Jaipur,"Electronics Engineering",2024,87,80,67,m,A
3334,"Priya Gupta",Ahmedabad,"Computer Science",2024,87,87,80,f,B
3337,"Vishal Dubey",Jaipur,"Information Tech",2025,87,71,74,m,A
3340,"Ananya Sharma",Chennai,"Electronics Engineering",2023,87,82,87,f,B
3348,"Tanya Jain",Lucknow,"IT Engineering",2024,87,95,80,f,B
3447,"Meera Iyer",Jaipur,"Mechanical Engineering",2024,87,75,82,f,B
3464,"Rahul Mehta",Ahmedabad,"Information Tech",2024,87,80,75,m,B
3477,"Karan Verma",Chennai,"Information Tech",2023,87,72,89,m,B
3517,"Ravi Patel",Mumbai,"Electronics Engineering",2024,87,90,90,m,B
3559,"Arjun Singh",Mumbai,"Civil Engineering",2023,87,90,74,m,B
3583,"Arjun Singh",Bangalore,"IT Engineering",2025,87,86,88,m,B
3606,"Rahul Mehta",Indore,"Electronics Engineering",2024,87,90,79,m,B
3644,"Meera Iyer",Pune,"Information Tech",2024,87,91,77,f,B
3713,"Tanya Jain",Ahmedabad,"Electronics Engineering",2023,87,92,79,f,B
3733,"Rahul Mehta",Mumbai,"Electrical Engineering",2024,87,86,80,m,B
3774,"Rahul Mehta",Hyderabad,"Civil Engineering",2023,87,71,88,m,B
3786,"Rahul Mehta",Delhi,"IT Engineering",2025,87,83,67,m,A
3818,"Ananya Sharma",Pune,"Mechanical Engineering",2025,87,71,70,f,A
